<scene>
    <group><!--SOL-->
        <models>
            <model file="sphere.3d" />
        </models>
    </group>

    <group><!--MERCURIO-->
        <translate X="1.85" Y="0" Z="0"/>
        <scale X="0.09" Y="0.09" Z="0.09" />
        <models>
            <model file="sphere.3d" />
        </models>
    </group>
    
    <group><!--VENUS-->
        <translate X="3.6" Y="0" Z="0"/>
        <scale X="0.19" Y="0.19" Z="0.19" />
        <models>
            <model file="sphere.3d" />
        </models>
    </group>
    
    <group><!--TERRA-->
        <translate X="5" Y="0" Z="0"/>
        <scale X="0.2" Y="0.2" Z="0.2" />
        <models>
            <model file="sphere.3d" />
        </models>
        <group><!--LUA-->
            <translate X="1.7" Y="0" Z="0" />
            <scale X="0.3" Y="0.3" Z="0.3"/>
            <models>
                <model file="sphere.3d" />
            </models>
        </group>
    </group>

    <group><!--MARTE-->
        <translate X="7.6" Y="0" Z="0"/>
        <scale X="0.13" Y="0.13" Z="0.13" />
        <models>
            <model file="sphere.3d" />
        </models>
    </group>
    
    <group><!--JUPITER-->
        <translate X="13" Y="0" Z="0"/>
        <scale X="0.7" Y="0.7" Z="0.7" />
        <models>
            <model file="sphere.3d" />
        </models>
        <group><!--LUAS DE JUPITER-->
            <translate X="2.65" Y="0" Z="0" />
            <scale X="0.1" Y="0.1" Z="0.1"/>
            <models>
                <model file="sphere.3d" />
            </models>
        </group>
        <group>
            <translate X="-2.65" Y="0" Z="0" />
            <scale X="0.2" Y="0.2" Z="0.2"/>
            <models>
                <model file="sphere.3d" />
            </models>
        </group>
        <group>
            <translate X="0" Y="0" Z="2.65" />
            <scale X="0.08" Y="0.08" Z="0.08"/>
            <models>
                <model file="sphere.3d" />
            </models>
        </group>
        <group>
            <translate X="0" Y="0" Z="-2.65" />
            <scale X="0.15" Y="0.15" Z="0.15"/>
            <models>
                <model file="sphere.3d" />
            </models>
        </group>
    </group>
    
    <group><!--SATURNO-->
        <translate X="18" Y="0" Z="0"/>
        <scale X="0.6" Y="0.6" Z="0.6" />
        <models>
            <model file="sphere.3d" />
        </models>
        <group><!--LUA DE SATURNO-->
            <translate X="-2" Y="0" Z="0" />
            <scale X="0.1" Y="0.1" Z="0.1"/>
            <models>
                <model file="sphere.3d" />
            </models>
        </group>
    </group>
    
    <group><!--URANO-->
        <translate X="23.0" Y="0" Z="0"/>
        <scale X="0.5" Y="0.5" Z="0.5" />
        <models>
            <model file="sphere.3d" />
        </models>
    </group>
    
    <group><!--NEPTUNO-->
        <translate X="30" Y="0" Z="0" />
        <scale X="0.45" Y="0.45" Z="0.45" />
        <models>
            <model file="sphere.3d" />
        </models>
    </group>
</scene>